RBD,CONC_PRIO
16582,64
5440,77
9625,74
3890,87
5393,84
3248,66
16843,72
7112,64
4806,67
7775,52
9304,69
10455,62
2734,65
5130,87
374,68
377,82
536,69
6641,94
1443,71
8348,67
4808,79
178,80
10578,77
3396,69
7802,68
2736,61
2079,62
969,65
2085,71
4902,73
9583,68
799,73
7645,68
7676,63
22419,70
14678,75
1554,76
10432,65
2539,83
10105,74
2820,73
3540,88
7967,83
5601,62
1864,65
17751,70
1537,67
4172,62
8174,69
5128,72
40025,69
40133,19
2319,73
22333,77
3332,81
8375,67
2487,80
4166,71
25014,63
20215,86
13185,76
4616,85
22480,76
24201,57
17897,78
5899,87
10117,68
5003,84
5634,83
6501,75
15732,67
40399,60
8206,64
7572,61
3270,83
2825,75
24997,70
1423,82
5109,79
8417,75
7131,83
15843,63
518,66
3115,69
2921,100
2594,81
2591,86
6163,72
10842,74
1397,60
1504,69
22755,81
10126,66
1506,79
11025,83
12312,65
3833,80
669,66
22494,66
4032,85
72,45
5327,89
6585,75
7418,76
12001,77
11277,76
711,70
1664,74
6166,82
4589,63
6189,71
6230,90
1514,69
7331,71
2972,71
2942,65
4733,72
22691,60
10675,77
16410,67
4999,70
22358,66
25186,66
3940,71
22184,87
25779,64
30002,61
16491,60
1674,65
4836,64
10114,66
3048,94
3051,76
2867,65
1893,73
10457,60
4720,85
12716,65
40422,61
4165,61
22439,81
22175,75
3347,64
4162,65
26252,58
2914,79
15728,72
1016,63
5213,100
3252,80
7665,78
8236,78
4990,78
10649,69
6751,65
6785,82
22313,76
5122,83
25002,78
24885,65
2766,81
10854,67
3619,70
22527,69
22367,64
953,82
656,71
6030,84
7644,67
10792,60
17797,66
25220,72
1519,68
24946,63
5463,90
1312,77
827,75
2050,68
11509,65
3490,79
802,72
5145,88
5106,85
7009,86
12749,69
11155,62
10419,61
10592,61
22420,82
7833,64
10871,51
3685,76
17715,96
3212,80
3233,100
3230,88
3216,100
3217,85
25009,69
15757,70
5406,84
444,78
195,74
7125,74
2071,77
3673,72
22436,71
705,70
10856,62
18089,67
5140,81
5599,68
12712,72
17709,91
16589,77
5729,74
5225,86
16754,71
7614,90
11248,73
31121,81
3731,62
4613,73
13168,64
13610,50
1287,65
2553,65
3353,76
10095,70
15753,81
1966,64
16844,78
6777,79
9741,64
2391,75
10436,59
947,66
9727,62
458,68
2764,83
16695,78
25824,65
5323,83
407,67
15768,87
629,70
7339,78
7341,72
1128,71
24892,62
8339,62
20246,49
694,82
9634,72
6090,70
10398,17
16428,71
10694,16
4908,76
5580,61
8256,73
2566,67
16673,77
5897,69
32,72
3110,83
7941,80
22105,82
5093,69
5215,72
18244,78
9889,63
5001,65
22462,77
1323,74
12023,84
5730,84
10402,79
4174,66
11199,69
1123,69
1121,67
5288,88
1211,65
3138,82
1969,63
33,72
12243,69
25303,64
7077,60
6886,88
3704,89
4967,66
4898,64
18087,62
6898,74
4992,74
3545,88
13420,65
7449,69
5575,62
20071,84
10458,69
1871,58
4175,60
5373,85
2302,66
5132,84
2300,84
9718,75
3296,62
5270,78
14649,75
5695,60
4195,75
1998,61
12630,66
9290,64
16510,82
3037,73
10216,67
4506,79
18099,81
519,65
1892,81
2937,75
16443,76
7377,71
1455,75
4005,76
8377,77
10845,73
6352,87
2681,62
4714,65
3666,78
26466,66
22499,60
3395,82
3170,75
20042,74
10207,66
10829,70
18012,82
609,64
1999,69
1122,67
2219,62
3016,62
4199,66
12501,69
10359,65
4090,92
1301,77
12505,62
5880,76
2223,74
25995,66
16644,66
25154,48
2762,77
11344,66
13494,80
4375,99
4049,67
5344,64
2999,62
10799,52
1721,72
7724,62
4955,82
10576,74
1355,71
1271,73
5282,81
4709,72
4724,70
16520,63
30006,68
5103,100
6460,72
634,68
8103,84
11608,62
17790,73
4409,67
1041,80
6955,64
6944,69
6945,100
984,100
3922,80
7063,78
7058,93
3554,76
31068,66
1502,65
6649,78
2817,64
10520,60
2231,75
10738,65
16856,62
16479,46
8392,69
845,67
442,67
4837,72
4726,71
10766,66
3443,82
10911,69
5706,80
8394,58
24407,64
8051,69
2347,86
6752,73
8936,61
1873,78
3327,75
3479,77
4393,88
6434,85
5614,69
11687,68
3055,82
3709,68
5353,90
6626,94
10827,58
3609,79
9107,60
5703,81
1377,75
8139,85
14213,73
11261,65
20226,65
13181,75
4703,71
5034,85
5028,78
2123,60
10641,62
2884,77
4969,84
2372,56
9720,69
3796,67
3742,87
4456,93
5198,87
4560,71
18017,91
2422,64
12566,68
5272,71
626,64
8159,70
8112,60
10087,65
10086,66
12623,58
14760,70
822,71
5745,69
13428,67
982,76
6876,70
1147,78
1542,81
3299,86
22375,79
9834,70
8162,73
26025,58
9717,76
1364,60
4811,82
1384,67
1526,63
9600,73
10797,54
161,67
18006,85
10528,47
2325,79
6916,60
2823,62
5088,65
5123,93
3267,77
9345,75
2081,61
6834,79
8541,16
1167,65
4497,76
20002,77
22078,56
12175,79
5057,87
7924,77
4746,82
10197,67
7237,66
24459,69
6348,79
2799,71
6708,81
5157,97
5869,88
11744,91
20200,84
6398,77
18147,70
6070,73
5875,95
17772,87
14825,60
22495,70
13,69
22664,70
6066,69
40047,88
1708,81
3856,84
3656,68
26157,70
8942,71
2339,72
25,71
19,73
1300,61
2363,57
5613,64
9686,69
5446,92
10791,61
7130,81
7140,82
26219,64
2378,67
10400,60
2910,75
2909,75
4534,66
4535,69
5069,93
13590,79
1266,80
1184,71
10113,64
5274,86
6204,76
14865,84
1233,65
14877,60
1243,78
3632,100
3633,65
20342,76
4841,73
20084,95
10401,68
3348,77
1709,75
721,65
3039,77
6027,81
22496,73
10686,61
10760,60
24978,62
25082,68
691,68
7973,60
5394,62
4925,76
2312,76
4958,67
1152,74
3328,71
6085,73
3482,86
8379,77
6043,94
13627,54
5959,73
3255,74
16556,60
533,76
7648,73
4241,68
4221,89
4231,79
4194,87
10556,66
2625,72
13463,72
9087,61
10288,60
7647,73
2552,68
2226,73
2398,76
9601,61
11144,62
3935,95
16690,67
25089,69
7102,77
6018,82
4926,84
3978,88
22702,60
8255,66
4331,72
2262,63
5090,76
7958,61
12713,68
3897,94
4586,77
36,70
7634,68
11177,62
22566,77
7723,63
9105,67
3022,71
6846,81
10878,62
3657,80
17840,76
2092,59
10077,63
193,60
4134,93
4124,88
4128,100
2492,66
16434,71
4609,68
8368,58
10565,69
4205,70
2018,61
1156,92
15750,65
7688,54
11743,88
3982,86
5396,85
13606,64
2013,68
972,72
10783,64
14805,68
7333,64
1341,54
1337,81
16625,69
22428,66
1549,63
2934,74
2737,80
1202,62
3670,60
11323,76
10645,63
2836,72
618,64
4996,81
2961,28
1347,67
3365,88
13154,71
3723,66
5590,68
4374,98
5039,82
3984,81
3168,79
8338,55
7419,86
7071,65
11287,68
2375,65
7128,61
5921,77
6253,68
2458,69
5348,65
4742,65
25418,66
7638,61
4189,76
4180,69
6269,75
4258,72
13576,66
40078,67
2026,73
9642,61
3979,23
3264,85
4103,76
7069,100
40236,54
1543,79
4201,65
5625,79
3710,84
3687,84
4154,86
12696,13
22430,85
3292,63
13121,88
6983,81
4591,82
40172,74
31308,67
10272,74
2115,75
976,73
4848,89
22309,76
5129,75
12610,60
14202,64
20016,71
2444,63
9458,62
10830,67
6700,88
3899,78
3886,85
10083,64
6092,83
5508,76
22458,58
11677,65
5133,91
10433,58
4179,61
3958,50
11405,75
12539,73
4353,79
2459,77
12617,60
1529,63
40126,73
610,66
25803,81
22024,80
1524,81
84,100
2264,62
8169,75
9088,62
18184,80
617,77
8403,73
2021,83
1359,75
1464,66
22688,65
13542,67
4405,67
12251,84
3305,78
7975,73
4873,68
2467,77
16676,80
22655,67
5411,77
4824,69
7336,83
10781,69
1971,67
2927,78
1533,69
2780,84
200,69
3460,78
2740,66
2708,64
10836,61
17693,82
14788,63
5879,75
1257,71
9665,66
7789,93
486,72
7129,64
10557,60
12534,67
11594,81
12020,76
40099,63
2075,72
5110,82
3058,74
10431,72
2065,79
1385,60
2442,68
6584,83
15583,71
14389,33
31016,67
10182,63
3697,68
5395,68
3329,78
3304,61
11746,85
2802,66
2613,59
4289,63
24412,69
3269,88
11220,70
13118,75
11716,78
10667,65
11612,83
78,70
18075,78
5993,75
26501,62
562,66
10135,65
7206,68
22320,53
4048,78
3743,80
8725,58
489,70
13104,74
4410,86
26372,67
9582,61
17746,64
7303,77
2945,80
7346,72
6583,100
5509,61
9612,69
22553,82
24935,75
24229,68
12659,67
12602,53
10456,60
4622,61
22195,73
10669,65
10453,61
10741,66
3468,88
3467,86
6370,100
3755,75
1571,74
15646,60
6029,94
22083,52
4034,88
12368,76
4897,70
22543,66
38,87
10835,62
2556,87
26202,70
16729,62
5627,91
5648,78
5635,85
908,72
24804,73
968,74
5126,71
12050,74
25398,62
4158,82
4185,79
20271,65
20257,69
20113,93
2124,62
2532,74
7385,87
2288,74
3112,77
6349,72
5192,90
5051,60
4455,75
2868,69
3081,75
17874,71
1431,76
2133,60
22552,75
8214,50
7684,62
10586,60
2423,65
5131,82
12972,62
31107,51
1961,76
6593,84
2084,65
5885,88
5888,79
10893,64
13193,70
22493,79
5663,77
1087,81
40080,72
22086,71
5510,86
10405,65
4953,81
10666,66
3268,81
712,60
5442,91
4292,68
20180,67
22140,80
1203,69
4207,70
3174,75
1424,66
5166,90
10642,65
9584,75
7432,78
2599,82
2310,78
3910,74
10727,67
5228,84
4951,63
3835,87
2738,60
3325,66
2266,79
7031,74
1244,84
1239,71
1240,58
1237,100
4513,75
7493,66
2393,86
9780,67
8001,60
10426,52
5048,61
4328,71
4324,75
3703,78
3681,68
11223,68
2755,85
847,66
7722,77
1275,66
3758,87
7304,88
4310,78
14271,61
8426,13
1282,65
15724,75
25935,46
4496,83
5035,87
3285,89
7326,77
1189,68
3106,83
1260,61
4615,86
14933,50
8409,68
1349,68
4561,77
5074,60
24716,76
1092,72
16936,75
1597,60
11394,68
8205,64
8202,89
8203,81
1474,68
20265,70
3130,80
1428,64
7685,67
10702,69
1511,81
6925,77
2748,77
4259,73
8285,100
8276,81
4451,63
20261,63
20214,49
17920,60
2753,64
1274,70
18112,74
3126,76
2314,79
2247,65
6989,100
15770,69
7337,73
5823,60
10656,66
2524,70
3070,85
1425,68
2843,75
747,80
4254,78
10844,69
2612,63
15720,77
2047,60
5229,62
22165,84
3387,82
3398,75
16580,71
24403,72
7137,79
11111,82
9668,77
6457,85
411,61
4481,78
5221,80
2493,59
16469,79
410,69
1444,73
1869,61
2078,62
6588,75
20475,62
8147,63
26075,66
16506,79
5326,97
19913,87
7905,90
3338,82
7970,68
3838,90
2390,75
5990,91
1472,78
3909,82
40383,65
959,76
542,73
2424,84
11032,63
2518,69
3291,78
3981,84
3980,68
3461,87
1718,60
5286,78
1534,68
3497,64
4842,65
4827,70
2538,81
6497,83
8290,87
8013,56
10080,72
19964,71
2224,72
4191,80
3976,80
11712,64
16677,71
1353,73
4984,66
772,71
6791,75
7236,61
2719,80
1958,62
2289,72
2296,71
3957,90
5824,61
7044,69
13177,84
3315,83
7760,74
17892,90
7424,74
1489,64
30012,60
3639,65
5026,64
2472,77
5798,96
16975,62
22560,62
6371,81
6363,100
6353,91
1367,60
1148,65
11704,87
8111,70
22334,60
17735,67
2263,82
4807,66
2977,69
9595,73
10751,64
1309,82
1304,81
11038,68
5970,86
2022,74
11033,70
7641,63
25523,67
15632,67
8299,85
9673,61
945,76
12002,92
7284,65
420,66
1448,79
4805,70
2118,60
10796,54
22519,63
17785,79
13560,75
3364,70
3369,80
6113,72
17787,70
736,71
737,74
2938,68
2297,62
19973,60
3538,73
7772,72
3739,84
201,68
12,60
10444,78
10404,68
19922,72
4706,65
2530,72
1895,66
4943,85
2360,75
10408,63
4814,79
3818,89
10818,67
4754,78
10202,64
5568,79
17810,62
2832,81
6052,66
2362,56
1302,77
7658,70
22674,79
3355,80
2870,73
755,100
22271,61
10839,48
11715,80
6456,96
14609,20
2866,73
7240,73
3801,89
4052,74
661,75
3090,59
5646,91
1508,62
5219,77
3310,68
1968,84
25757,62
625,75
9443,75
370,66
18065,79
1996,60
5053,88
7202,64
2294,67
2543,74
2701,69
2803,72
2139,56
18218,80
4929,100
2460,92
3611,82
4948,73
4952,76
449,74
3404,78
11408,89
10109,64
7698,89
768,70
3096,81
5121,87
20120,61
6953,69
10099,66
2794,73
1445,73
18170,78
2847,73
11201,68
2207,65
1366,70
7779,77
2551,65
4333,69
2255,49
22464,67
540,81
14206,76
1362,63
15763,81
4407,75
2286,66
5021,87
7671,61
25711,60
8044,74
5134,84
556,70
2865,64
3883,86
3118,85
12942,67
483,77
24443,71
20,71
6336,63
10545,65
566,77
22176,77
7122,83
5151,95
10672,61
26303,67
5233,92
5289,67
2470,73
2955,74
18021,79
4505,73
8220,93
22181,90
5694,85
1468,69
4722,60
10123,63
3335,78
20213,72
11909,70
2840,81
3330,74
3382,77
4106,24
5193,80
5196,84
5194,76
5197,89
2374,57
1525,68
2980,93
4571,65
2017,72
16935,14
4454,60
10548,60
5930,94
3402,84
2119,69
6725,97
9710,74
22,66
1307,79
1318,80
9729,66
3887,76
7348,85
10790,62
40115,61
6165,82
897,82
22535,64
7203,73
9716,66
19952,56
5116,94
8404,74
2964,72
7783,81
6271,79
25043,66
10130,60
2064,72
10421,69
2461,72
2160,68
1698,83
10916,70
10210,75
11795,61
7412,74
1716,84
665,70
2873,71
5791,97
6922,69
5678,60
10676,56
24445,62
10651,67
3988,100
5155,77
22050,76
24876,76
974,88
985,90
946,74
5227,76
5960,93
730,75
12551,54
7204,73
6051,74
6210,89
6495,94
25698,66
1975,66
3177,90
3172,78
4025,76
2380,73
2379,75
3128,74
2116,61
10476,66
14863,63
19974,86
15596,64
7335,62
3290,60
1250,78
4595,67
24803,67
7541,81
6115,74
10264,67
25913,65
3898,100
3906,87
3894,100
3024,82
9841,71
25970,68
3352,85
1316,60
5565,78
4949,73
4272,79
2875,71
10747,63
6039,86
6478,97
10573,60
5314,100
3836,86
16874,24
6231,68
17741,82
10789,73
10786,60
1247,74
4563,68
15832,65
2521,77
7061,69
7064,88
8376,75
22021,63
2989,66
31,75
1161,70
10837,72
2717,94
4382,70
821,64
10441,52
17698,70
2125,74
710,67
5049,80
1394,82
2537,81
1507,26
852,75
6500,71
4200,71
4813,85
4146,64
1052,82
18,73
12542,75
2020,67
17916,79
18037,96
3084,86
2426,67
2835,72
14862,69
6797,89
6767,72
7354,61
1540,75
22342,81
7138,71
25247,64
20114,39
397,24
31192,43
4983,70
5539,70
5538,83
4160,75
6652,88
4977,69
7382,77
5052,65
3249,75
3362,77
3356,71
11342,81
5935,79
7114,64
384,63
10443,64
11318,82
7166,80
7158,100
6270,81
404,70
7593,90
5667,66
7261,46
1693,63
10277,70
10665,69
6590,78
6899,82
6786,61
9604,72
2257,47
1263,64
9874,62
10428,77
11544,69
16802,72
11952,62
1724,68
2657,78
6970,72
20162,80
2528,78
3297,79
12185,75
31011,45
10424,62
6691,85
2206,69
12632,61
7464,64
7463,62
16455,78
3366,83
2993,71
5905,95
1354,64
8005,63
9705,71
454,82
22415,74
7328,79
6093,60
3368,87
7583,93
8331,52
10554,72
4188,87
6504,83
2102,64
6897,65
6780,70
5551,100
11178,57
2037,65
4155,68
4730,61
6087,68
22317,69
20248,88
10688,53
464,69
14418,61
4050,60
499,78
2448,67
8313,81
1610,68
1453,68
5347,76
22218,72
1521,71
4334,78
31104,21
4792,70
9599,68
13467,66
2994,48
2334,67
5054,64
12719,60
1516,72
22758,83
1518,69
31254,57
9719,69
1031,81
24215,20
8352,78
4994,80
7450,66
22325,70
7299,70
798,73
2974,66
2979,83
15761,51
40444,62
3250,80
10758,61
17,66
4043,77
1965,78
1050,64
1174,74
31021,75
7244,77
5467,91
5466,91
1682,73
5403,48
31409,98
6273,74
3207,66
5441,87
2965,78
2601,71
5112,87
6773,76
2975,61
1178,68
10778,70
405,75
7668,84
5896,74
7659,85
3017,71
4991,67
10127,65
9588,69
5940,91
6502,85
3815,80
3798,77
10420,65
5087,69
3302,52
1557,70
3323,80
18248,94
7544,79
1352,75
22623,66
4890,71
24856,72
7448,64
714,73
4879,66
1717,74
1338,71
10205,66
1321,70
8631,62
2883,83
11979,81
4869,64
25319,78
1418,47
1419,62
5992,84
11462,80
664,63
3337,66
2941,76
8226,96
8210,87
8231,72
8228,76
1374,70
434,56
11036,64
9110,60
6164,73
6167,67
7446,88
2560,92
10736,77
2517,63
22752,79
4507,76
19906,85
1577,72
1692,70
3349,88
5002,72
8227,100
8208,78
8207,67
11711,76
20383,72
22355,64
1139,85
2407,87
4614,71
4096,100
18002,63
10655,67
621,61
3977,76
3660,84
848,71
5655,62
10846,64
2330,63
24236,79
13423,84
10677,68
3333,87
2957,66
4832,75
2793,68
9285,60
6304,70
8390,65
2814,63
620,61
2234,70
3173,74
2920,80
17814,74
4298,60
4300,71
4358,85
673,80
5854,94
10265,64
3222,80
10663,63
6397,86
11399,100
5188,95
7200,62
12570,66
2903,79
2024,74
599,80
604,83
9638,65
24714,72
5283,85
1333,71
1283,78
8309,68
5401,78
22262,69
40447,58
4087,81
10093,70
22267,83
2918,84
13559,64
2397,65
552,100
4713,69
3401,80
6623,95
4443,79
2282,61
7626,70
4719,75
3273,85
701,66
11714,88
5957,64
6379,64
22707,64
10119,60
2335,71
2412,67
3266,86
11837,71
8468,60
5407,80
4177,81
5582,71
4954,72
10425,70
1173,62
7768,85
8388,65
1732,65
10560,70
20508,83
7404,73
6496,91
7656,67
19927,76
10640,72
15859,63
22203,74
5324,70
2704,54
7,72
372,72
12192,74
3020,69
7006,72
1235,64
1238,81
5392,100
12113,74
6056,63
10679,58
9715,73
3671,62
4834,80
5284,90
11034,67
4071,82
4183,84
7959,66
2432,76
9617,66
7340,66
6072,68
8423,68
24332,60
17880,73
9636,69
7489,76
29,68
7788,68
4039,100
10102,64
20103,86
3762,89
3061,76
2311,83
9590,71
2555,65
11,79
204,74
7133,70
17930,83
15526,62
24900,18
4141,76
4095,100
3491,90
40352,62
22425,94
2048,60
4171,62
8263,73
6224,74
6489,62
6464,100
22504,61
3169,65
5942,95
7441,90
6755,75
5073,90
5346,86
4527,89
9605,62
15608,80
3888,87
16697,67
3060,75
612,74
1249,74
14820,66
1013,70
16452,63
2943,72
9610,60
3113,90
3797,64
17926,61
3839,79
2795,71
10164,60
3439,85
9606,74
10290,65
31097,78
6587,78
5033,88
31066,60
9618,67
18014,64
6329,82
1700,71
635,69
26426,60
2908,82
1078,76
1014,72
22234,69
6991,96
4003,88
906,100
8380,68
9721,70
8294,100
7431,83
7776,76
6732,98
1855,74
7825,77
6400,100
462,67
3539,65
3313,77
5901,94
2611,70
2804,71
2457,62
1370,73
5726,77
22418,76
3258,69
31128,81
7183,78
10687,56
7679,69
10730,68
3849,65
10568,74
6814,79
8053,72
3462,82
1523,77
413,68
403,69
8117,71
9635,72
6223,62
3381,87
3134,89
17837,84
4514,84
3059,75
9870,61
1891,76
4707,68
9853,71
6604,64
2456,61
16615,61
8109,60
1705,71
14212,69
13474,71
11809,60
523,69
597,79
7961,65
1310,79
7535,83
8325,75
1051,68
558,75
24750,88
1458,64
17782,80
440,68
5127,77
4904,78
10229,63
10848,58
12773,67
4647,75
40137,81
20427,71
13563,75
657,78
1264,80
5099,100
3127,65
4978,27
3464,84
12027,85
16432,82
20099,90
40038,77
4812,80
2055,64
10305,64
22638,14
10805,66
2486,63
5182,100
2911,76
10527,63
2876,72
448,64
5343,87
8121,45
2749,87
2462,77
11811,35
24843,53
707,61
25085,80
6716,88
3740,86
2143,81
5202,85
1180,62
7369,62
7147,93
3450,85
5382,98
19950,87
8300,100
2805,76
1880,65
14479,69
680,62
9339,71
17838,72
1361,69
7785,65
476,85
450,83
8435,65
1286,60
16992,60
1389,69
14804,70
24330,55
3025,79
6671,97
8023,18
2416,63
25485,72
2536,89
2545,83
16587,78
2796,74
12118,67
7664,86
6984,75
5774,81
6088,68
534,63
1356,64
15614,66
8186,86
2858,59
2851,84
8130,100
13568,53
4356,79
3483,77
2563,77
1701,81
7940,96
5828,85
1570,80
3085,63
8027,69
7777,87
2635,63
2074,71
2220,79
4255,79
22277,81
5374,90
3672,79
408,61
2131,60
2848,72
4533,76
2844,81
22539,79
10116,61
10735,76
3823,75
5550,89
3495,75
1369,67
10270,60
7580,100
16468,80
26274,73
708,78
13134,72
6119,74
11520,79
203,74
4204,78
5338,84
6852,67
7083,87
18162,70
5172,93
2304,61
11330,68
4061,85
7135,89
156,86
7543,78
4870,72
24960,63
4102,79
3549,84
10464,73
2636,76
3916,94
24822,80
7632,66
5767,91
11339,64
7651,73
967,63
7753,68
7675,66
8158,71
6918,65
1033,65
1048,68
7832,77
40329,75
6399,85
22556,87
1252,78
6625,100
10519,50
5342,66
20443,30
2682,71
2685,65
5862,73
17638,88
2561,81
2626,67
20376,85
925,100
16551,77
7407,77
22749,78
22626,67
2364,77
3316,87
8161,75
668,66
12058,75
8411,68
5439,87
7100,87
4871,71
22354,84
7458,72
551,74
689,70
2827,89
6071,58
7059,77
2443,62
15748,68
1258,75
1259,79
4593,90
4235,77
191,57
3871,82
5105,73
18016,75
774,83
10090,66
1522,62
4412,100
4882,81
22084,92
15781,66
8345,64
10107,65
3033,74
5645,87
4446,76
10151,60
4112,78
25078,77
750,78
5567,82
10104,67
4803,60
6082,85
692,62
24722,58
1210,63
4408,82
6461,96
11338,73
11136,24
6757,66
2388,70
4485,91
3205,72
18153,75
31444,77
22558,73
2845,73
18203,67
6990,60
7212,54
5422,97
20277,60
6552,90
715,76
1500,72
10729,61
11741,61
4748,88
3219,90
1368,65
1447,80
3475,83
2438,64
1059,63
22615,74
7015,69
406,69
16564,69
3389,89
12022,69
3872,80
5119,89
869,78
879,92
865,100
15807,63
1851,64
2233,65
17813,69
4950,71
7830,83
14470,60
5709,91
3359,70
3537,73
22597,78
2313,72
10,60
3390,81
11400,84
1248,78
10172,67
5690,85
10737,72
578,66
4858,88
16899,85
4500,74
6393,98
17836,71
6053,77
7505,77
2554,62
7798,84
20100,62
419,71
31002,67
16645,64
6699,81
7966,77
4839,90
2939,61
17662,83
1280,82
849,65
4960,71
1685,77
10472,60
10473,71
10449,19
1358,75
7629,73
7032,72
7074,69
4212,74
3062,81
2557,71
25539,70
560,67
20182,74
1684,62
25362,83
3837,96
12006,77
2830,85
17848,80
8369,75
6917,68
3442,83
3286,100
12941,60
24401,72
5210,88
2952,90
25431,69
3345,74
3551,85
6006,96
22414,80
15769,76
3067,75
4731,67
4330,75
4327,87
8061,61
4896,81
1049,79
10607,62
10085,66
5608,64
9886,66
4717,75
614,62
13200,71
11706,75
804,69
16919,73
8284,78
2519,81
18102,71
2565,64
4288,68
1898,80
3317,79
205,73
7756,48
25216,42
706,64
11418,100
11419,57
6891,66
11883,69
4354,87
6718,90
716,76
7108,70
25041,74
11836,74
7347,75
24428,65
6935,73
5114,73
5120,100
5117,100
3610,66
5273,86
3667,82
24489,65
9740,74
3642,78
3034,73
2885,62
4270,77
3393,86
1536,77
10300,60
3903,91
2012,79
6305,86
5675,82
1168,67
9593,66
2829,78
192,50
5398,78
3640,66
1378,71
3754,83
10427,62
461,84
4309,74
4975,72
671,71
8437,60
7962,78
7132,60
10561,71
4355,90
2249,65
3480,82
4140,59
709,72
10704,66
12658,65
1279,69
73,100
16883,65
6225,75
24322,50
5753,95
16572,76
7434,62
1878,59
2745,61
6643,89
5375,78
3999,79
11719,85
7371,92
5430,100
1256,70
1462,72
1460,64
7821,92
5717,71
8685,67
22293,62
2014,86
3800,86
3820,90
6432,92
11838,61
7433,72
10971,12
9428,62
12242,61
4998,72
1550,76
1528,69
1548,75
2485,71
3733,85
888,66
871,78
851,80
870,77
25883,60
3114,76
13135,67
5025,76
7977,67
1339,71
5720,85
3967,77
5470,75
5471,88
13358,71
3831,89
22704,67
3445,81
18195,65
11886,54
7801,75
4228,83
3206,80
11139,69
2011,68
3176,70
5623,83
3662,67
10646,74
7872,78
10756,68
7612,100
8269,84
26239,65
611,61
10795,62
40423,71
22012,87
9591,79
18004,87
3759,82
3038,76
4852,74
4453,78
6734,100
13412,72
2280,62
7459,70
4987,80
2471,75
22686,80
1465,70
9750,74
8307,72
7588,96
4290,72
2725,80
10074,71
160,76
687,100
672,76
681,80
688,78
990,78
5583,71
7820,79
4168,67
2966,62
3515,88
15806,60
6060,73
12588,54
24879,79
15762,76
1325,85
10559,75
4027,81
8289,84
4961,70
7266,78
7239,50
7249,88
7243,74
7268,81
7016,72
5345,86
7508,85
6709,74
16816,62
8173,81
8163,100
8165,76
8170,66
11539,100
8164,65
9510,63
7427,71
10435,71
2615,59
4753,81
13352,75
3517,82
2756,62
3494,76
7818,70
7705,64
7323,31
1488,69
757,70
7740,65
2427,79
6669,88
3520,87
1149,68
5649,83
7205,70
22009,74
13216,70
7301,87
20260,66
25652,61
16731,65
2491,72
9714,70
1459,68
7049,75
8157,80
2509,74
1265,78
22276,33
493,84
3618,77
5719,66
9503,51
1881,64
5756,91
5080,100
2132,83
4840,76
22427,69
14706,82
557,69
4670,74
3804,83
3799,81
1192,57
2428,67
4825,73
5585,80
8201,80
10648,68
1417,74
803,83
2087,52
10134,63
8211,79
4569,62
16963,62
26323,50
4915,93
20230,60
16492,78
3056,77
4986,93
8323,84
6303,75
5588,72
14330,80
15594,68
3995,61
25642,83
25423,68
6452,86
16915,57
1196,68
3814,92
13333,65
22339,62
15687,62
4002,78
10764,68
16721,55
7238,77
5919,71
10550,67
1191,63
7887,100
2336,79
15780,66
3983,84
22532,67
3555,83
10271,64
11472,87
4070,72
2265,62
1853,75
7460,56
17828,80
8264,72
20052,80
8346,81
5214,85
24893,86
2598,80
3484,66
8037,72
26434,61
90,71
2212,81
17860,70
2715,77
15808,80
2429,64
9461,25
3683,75
2135,62
10754,81
10858,67
3546,70
7332,69
4723,64
10574,69
9333,60
3802,84
5737,83
7020,83
438,77
631,76
22187,55
3321,76
731,64
4995,81
8321,88
2707,68
8398,64
4084,94
2240,61
19923,66
20024,93
16962,86
6903,96
3552,84
1473,56
1199,69
3541,79
6586,83
8336,60
16637,64
2301,62
3955,93
5631,67
20067,87
6726,87
3782,81
2299,50
3669,79
40009,71
7478,78
10143,73
7496,75
2209,76
8149,100
1204,65
2469,62
1663,67
1556,86
2700,74
2019,68
10088,72
6690,88
4006,94
13584,44
198,63
10191,71
10794,57
482,84
4312,75
18154,62
18109,67
9844,70
3471,83
13167,88
3961,83
20064,73
22022,69
16624,69
3726,83
5250,100
386,66
12126,76
5091,83
2384,78
26209,65
8191,79
2425,81
928,78
949,100
13363,76
900,100
6902,90
6905,87
6901,96
2666,86
14539,65
5714,67
3760,90
2692,79
6069,75
3573,82
2896,61
10386,60
2917,78
206,73
733,72
6712,96
3320,83
2694,61
10782,67
8311,89
16711,62
5779,91
19947,66
1019,49
9939,61
2761,75
4956,80
6666,81
4342,100
4341,60
4337,82
4347,76
4340,100
4338,91
4345,71
4339,100
4348,87
4335,79
4306,69
10798,53
5350,80
2959,73
4190,67
17733,60
10217,64
3185,81
3971,92
2771,71
12708,77
5683,88
3781,90
3791,85
24203,69
5524,100
4997,76
18078,66
2800,74
5732,90
3783,99
12105,63
6227,78
6183,79
2513,77
5592,66
2324,75
2320,80
543,71
3945,100
16918,61
11336,61
2542,82
20193,81
16649,54
4581,62
2244,67
2283,69
18159,69
5503,93
10551,64
387,71
2043,82
2763,69
15726,64
22509,71
20121,69
2387,76
5574,77
15799,70
481,67
6522,100
6525,100
6518,100
6524,100
6521,100
5158,91
24216,53
3260,80
25544,80
9734,65
13512,74
12004,80
1022,62
7542,68
9666,79
7095,50
2637,92
16774,61
7051,84
11110,77
6294,95
18173,71
3209,78
5832,93
2381,81
31429,68
2327,61
2238,68
1469,76
12668,66
162,87
159,100
4436,82
4744,67
1772,65
2111,61
5216,72
3768,87
7642,80
1901,56
7897,94
13462,72
9197,60
8288,76
5378,97
10784,72
4711,75
8374,65
7136,86
4389,100
22130,83
3065,80
16583,68
6179,89
6170,94
4517,85
22390,88
1568,60
1329,72
22531,62
5292,93
25783,60
8085,81
14846,28
6853,95
6319,97
2394,82
2968,69
4829,60
7982,93
3548,86
3408,75
1150,58
11029,36
6608,87
383,70
7510,66
22545,55
3948,91
7956,64
7946,100
22521,62
1099,93
16757,66
937,81
4079,100
40029,66
5328,100
910,74
487,75
2343,73
3643,81
2414,69
26000,55
2396,93
2395,72
2842,77
2292,69
5833,99
7774,75
5178,100
837,71
2267,72
3435,84
4750,65
24883,75
1326,73
3107,81
3023,89
8408,59
8238,100
1273,72
1712,67
6207,83
22226,83
1553,66
6458,95
380,76
1454,76
14573,100
17829,63
11209,67
4029,76
639,64
469,85
471,53
7725,78
3242,100
4867,74
6857,86
6956,88
7085,67
40296,81
5938,92
4922,64
3686,56
3466,82
5606,83
10558,73
17798,100
17768,61
12336,64
12314,69
4860,73
4287,74
4352,87
6350,86
1245,62
3371,87
6793,85
17749,69
2932,67
11425,100
1541,81
2892,94
20037,65
5761,92
8310,67
25032,70
5630,93
1867,70
5307,100
2386,57
905,82
3882,83
10840,69
632,68
2577,77
3463,90
7355,61
546,60
3229,100
3257,81
1563,85
24444,70
7625,76
8295,100
2279,61
40230,74
14848,60
713,70
2068,57
17776,60
970,67
4016,88
4197,79
7866,80
1567,87
795,88
662,94
659,84
783,100
3376,77
31036,57
7062,83
3334,80
17745,49
3998,82
6499,84
5023,23
1096,86
5693,76
12018,100
3251,66
2361,71
188,56
7160,100
2494,73
819,90
12366,62
2621,64
2293,51
3481,80
4810,74
17924,75
16460,69
4843,75
7477,49
3028,77
3026,90
10529,63
12767,66
3079,94
8241,84
22633,18
1697,75
8334,73
8335,100
3843,78
22230,67
5963,75
3744,89
725,81
4582,64
7860,88
1340,79
1551,87
4940,66
4088,100
24654,63
2871,72
6964,75
399,63
9738,65
719,65
9597,79
10157,60
40208,61
22366,75
5622,95
20127,80
13580,65
8401,65
15778,53
5203,91
1593,71
4186,68
1503,64
40276,76
7933,74
2205,65
1759,60
857,81
4104,76
935,80
3400,78
10865,78
2627,74
40401,36
9704,61
20202,76
8095,100
6351,89
13545,72
423,77
5341,96
682,60
4379,97
5101,80
6107,87
22591,80
20409,63
3,12
3375,55
5189,93
4985,76
2750,62
25897,75
7073,100
22113,81
4968,90
4392,85
4536,72
3992,79
8189,72
2352,59
800,72
19926,41
246,93
22397,69
5135,95
20562,77
452,62
3139,82
13128,96
18223,68
3623,85
1176,75
2958,66
7898,83
2714,78
15755,65
5339,85
2232,60
22573,21
729,88
3907,73
6421,86
13557,75
3437,88
6012,95
2776,77
20161,82
8038,80
8040,100
8036,78
8014,83
3492,81
3636,79
22421,63
9602,69
4414,93
25384,79
5763,85
22476,74
9531,66
6950,68
16456,68
7791,75
3086,84
2660,68
40301,75
10429,70
3069,77
7643,74
6272,84
9680,80
4592,74
5507,81
5525,88
456,69
17737,79
6007,83
31461,68
6380,87
18080,71
6932,72
6190,71
1976,65
3874,66
7531,80
9882,62
25510,67
5604,78
6920,78
1201,60
2147,63
15812,69
5180,90
5716,60
16575,45
8167,75
2406,73
4077,100
4700,62
2527,81
2338,71
2534,100
8389,52
3842,74
1461,76
5147,79
7396,86
15777,17
4448,72
14829,60
16569,80
3213,60
3215,100
3238,79
1890,63
6654,92
8182,88
8176,84
9175,64
929,67
22111,84
7352,84
4062,93
2389,70
10838,69
5518,100
2009,59
3057,90
8382,88
7836,94
5220,78
4559,74
17847,65
18015,72
22647,60
16696,76
207,68
22762,54
3621,75
16461,64
2583,74
7587,93
6173,79
6285,86
20053,92
3434,80
22492,80
3465,87
6206,83
8356,79
5050,62
3117,80
16759,75
14695,62
5290,84
7790,53
24963,69
6251,92
187,56
7948,100
7470,76
22380,73
1100,57
10753,60
19914,63
3616,75
3678,73
3140,84
31122,46
7168,77
7173,71
7174,89
7172,100
5208,93
5211,95
2711,67
4727,64
6038,93
8142,91
25173,60
3253,90
40340,86
3527,70
10442,77
16685,71
5113,81
4486,94
5902,83
5038,86
31154,63
5056,100
459,79
25365,76
5911,97
3191,75
26534,51
7654,69
5031,90
4059,84
4791,76
778,100
11591,85
7003,89
5827,73
16926,66
3852,100
3859,63
3840,81
2083,64
18045,60
4495,100
3143,79
7386,74
463,70
9608,66
2758,63
2066,78
2664,75
2522,100
22098,62
7978,100
753,71
9518,60
1538,75
9307,60
5731,83
5750,92
3664,77
1331,80
1332,71
17875,64
3263,89
2526,69
10706,64
1336,71
3336,68
7252,71
6731,96
6714,97
22529,73
2894,64
2859,66
2333,71
7929,92
40174,69
11196,64
2801,67
2525,75
561,89
22413,72
6040,71
3076,81
15754,74
490,99
4989,75
9616,74
17679,76
5224,86
4734,90
9306,73
18230,64
6200,84
4447,75
4000,78
3322,100
6181,77
658,64
6121,71
5923,84
2331,80
2495,74
11429,72
22522,89
5624,71
8225,87
11553,69
602,78
5855,100
7142,90
1707,72
4509,78
2882,70
8048,82
1490,78
3914,82
1427,74
3784,94
40089,55
20082,78
9694,64
2705,80
22742,69
8050,77
3991,90
14702,62
624,69
1970,76
8317,80
16560,51
2321,79
1491,80
9614,70
5994,86
7260,71
11548,79
1435,72
31364,51
12051,72
17753,71
16642,60
1160,63
1077,65
4449,80
3518,80
3523,82
3526,62
3488,85
7693,74
8032,76
8033,57
8020,74
8022,53
8030,100
8021,70
8010,57
8031,64
13341,70
5232,16
4650,79
10810,51
3622,77
31090,66
9674,67
2415,63
4512,65
1113,100
4193,83
2464,70
12079,72
1683,72
8099,81
1246,62
3707,73
8251,80
3030,91
3867,95
3644,24
4909,76
9620,80
3846,100
7391,71
10201,60
22337,90
25062,80
5472,94
17742,79
1142,79
15570,69
3045,87
26318,73
31003,53
3855,78
9611,76
4920,73
20549,77
2831,91
9629,72
14602,66
2947,85
5999,87
16855,11
6759,64
76,81
74,76
10912,100
9212,69
3841,80
10879,65
8391,62
2529,73
8413,64
8353,70
2822,76
7704,63
2549,23
3121,90
22352,60
16942,81
5154,77
5086,88
25354,61
1322,95
8420,75
3036,75
7038,100
7039,50
7034,100
6933,69
2235,65
22327,68
25397,71
12103,72
3314,80
1308,92
10868,75
22700,66
3189,100
638,100
10122,73
6455,95
3042,81
10864,65
10098,69
1342,79
22027,79
722,70
6089,73
4037,85
4040,75
6123,80
2839,74
7250,75
5985,100
5698,76
7528,52
7834,78
12188,75
5424,82
1509,71
10100,67
7157,79
7026,84
7025,70
7030,64
7024,88
2023,86
6774,67
20264,82
10133,77
4441,96
5521,100
7511,83
1027,66
5047,17
876,74
2490,64
6263,85
40178,72
10673,55
6589,81
1313,78
4116,100
5766,80
6878,100
606,87
3063,75
8114,77
22263,66
1573,74
16703,60
2806,75
5566,71
1125,78
22253,74
1877,68
11471,82
20426,63
2420,61
3319,80
6289,100
5962,19
6317,95
6097,57
6667,91
3766,100
1305,70
6301,83
2590,73
4076,92
8237,89
8254,100
8239,72
22072,100
8244,80
8247,98
8243,88
40090,61
31136,55
5226,76
6268,68
10880,51
7856,81
4809,88
11804,76
7217,70
10652,63
7662,48
22138,50
1433,73
4001,79
3354,75
16592,64
10403,65
381,75
9368,62
4432,78
3749,89
3383,73
1457,85
2629,78
5638,76
1390,71
1345,77
6539,95
31447,76
3019,72
4019,73
10124,68
31117,70
12730,28
15828,77
6011,75
6009,100
6017,100
718,69
5414,100
3602,100
3808,66
1132,71
31303,75
22186,75
3918,87
2572,87
5831,64
16444,75
22312,80
26235,66
40403,67
8054,62
4988,76
8571,85
25189,68
6485,90
6281,87
4437,81
3550,96
3166,72
7810,75
740,85
7793,95
31043,76
2933,67
6454,92
6988,100
7578,69
6126,89
31199,63
3891,96
10862,62
7552,88
24880,67
1466,63
6108,89
4877,61
25828,55
12766,80
3073,84
13515,75
25098,61
7822,70
5835,79
7794,100
17641,100
5746,89
7141,87
5825,73
6415,87
7305,92
3457,100
3261,89
20097,48
6062,50
13611,60
4906,85
10522,48
773,79
2035,66
8195,62
3186,80
3454,88
5522,88
743,79
7356,92
7366,76
7384,76
7359,100
850,75
5558,100
3535,19
1547,80
15741,65
5423,100
8304,76
10816,68
8384,77
25710,55
6986,83
2901,97
988,68
7307,96
7023,76
6149,92
8092,71
1498,80
5803,100
793,92
2500,85
10234,74
5600,26
24689,59
7115,80
1857,55
2501,54
5754,95
31306,70
8049,64
10674,65
10537,57
7273,72
2523,65
1430,82
4321,80
17704,63
4357,85
8246,100
3346,91
2475,80
5640,91
9639,74
3340,88
6361,100
3776,100
9702,73
6005,81
2366,56
4576,68
4946,100
24223,64
3913,89
2227,73
4131,84
1251,68
7113,80
10530,57
9728,63
9626,87
8303,89
7854,81
268,66
1136,73
5095,100
5100,100
2570,79
3857,96
7242,68
7896,90
5455,100
7262,100
5094,78
24325,68
3470,83
3698,85
4107,93
8361,70
11279,100
5632,85
3459,81
4469,100
4094,89
9669,62
14559,56
22265,66
7372,90
2410,78
8217,74
8216,77
8224,69
8219,86
7663,68
5060,100
735,100
25592,65
7088,100
4503,88
3029,84
8100,87
11333,84
5425,92
7170,97
25162,74
2138,90
4917,66
514,95
2584,71
13143,74
5336,94
4125,96
5647,94
8405,77
11347,78
2489,69
20313,68
4470,100
17886,73
5408,99
5248,88
3853,100
1082,85
8337,58
3122,87
833,77
4311,81
915,81
7507,77
31005,66
441,69
9165,60
6459,92
7302,58
973,76
11027,90
3179,50
2140,79
7669,78
4093,100
4101,90
2054,66
4304,72
5333,93
2069,61
5637,100
5629,100
5639,100
22579,77
8357,77
5006,54
19976,90
1328,67
9736,65
1456,64
8115,66
5473,94
20268,67
6711,98
6630,92
2816,64
17766,89
2285,67
3975,100
3968,90
3966,100
22383,81
7808,76
2465,69
3927,100
3926,85
31094,61
3941,72
4426,62
5513,100
7111,97
3093,100
16631,60
14493,44
19912,76
6077,90
955,100
954,85
899,100
934,100
907,100
814,92
6627,90
5207,100
5459,100
5181,86
3757,64
2895,84
6639,84
11234,27
7858,92
5097,100
4396,95
7741,76
6019,86
11800,65
13566,68
154,61
1137,56
2754,75
5790,87
1017,79
936,90
6560,94
11257,80
2603,92
2609,100
2607,93
2604,77
1555,79
6248,100
8160,76
756,69
2893,100
2890,69
6177,100
3358,66
5563,93
2759,63
952,100
26543,60
4281,89
3448,92
6420,74
2359,72
1870,62
11352,83
35,51
6205,84
1343,71
6650,80
7691,100
4817,89
6569,90
932,73
8261,80
8177,95
1134,58
1496,73
22408,71
1714,60
875,66
5249,97
6867,100
6475,84
7592,93
7586,93
3436,71
20284,68
4022,60
2716,74
1471,78
2698,73
8181,73
20063,48
22221,100
22546,60
645,54
6635,100
4133,93
2540,89
7065,75
13562,76
5851,100
1874,74
4030,69
5894,84
4502,68
4368,82
6022,100
6024,88
7357,73
3502,88
3506,71
3489,82
3190,100
7816,50
10765,69
9598,72
6381,95
7452,78
7072,100
7092,78
838,92
40216,63
3159,50
5072,54
2703,86
2721,93
4435,83
6023,100
7922,86
14499,61
8329,69
693,77
695,68
699,77
6168,65
10877,48
14310,77
12562,88
5499,72
11467,72
5492,76
5482,100
11522,100
5485,88
5168,62
10870,49
5474,93
6736,75
4484,81
248,100
872,100
7931,80
917,100
31132,85
7476,81
5067,100
3934,87
2706,55
909,80
3748,78
7089,90
644,61
5431,87
10052,66
2879,60
2826,76
2874,100
26145,80
7672,83
859,78
3068,74
2765,62
3373,92
4845,73
3876,91
17636,79
3877,100
2860,73
20030,71
3828,79
16597,76
8046,81
6765,80
3974,89
5204,100
5195,100
6037,100
6032,76
25204,62
3745,84
7874,82
6180,92
11031,94
4544,31
2535,79
6228,27
4474,89
20164,90
2722,76
20388,69
8305,60
3235,100
1135,52
9709,74
7759,100
1140,75
11794,64
5619,76
5309,90
24341,77
31006,84
5975,100
3453,85
5847,84
6332,100
6577,92
7118,91
3747,48
3378,100
277,74
7090,78
4202,93
7423,60
7381,100
7622,94
22466,46
16603,74
2652,100
8272,83
8286,60
8273,100
8274,57
22322,75
6528,92
2562,78
22093,100
25390,76
14946,17
943,92
758,83
754,67
2520,79
3271,93
20227,90
2633,88
4480,81
4210,79
5444,20
3921,90
1018,76
6818,72
3675,66
20095,67
2819,61
666,73
3912,89
4855,85
4861,100
6868,100
2686,80
6377,100
642,64
8372,86
8371,76
956,100
13309,100
5954,75
4073,80
4081,100
2505,69
1495,88
2392,89
723,94
3421,90
3406,100
3413,77
3419,57
3429,100
3418,71
20381,60
7903,100
8135,83
2236,72
18152,67
7868,100
2439,67
2436,96
13575,63
5404,89
22051,70
7739,46
13217,68
3932,100
4085,78
40374,62
2558,95
5541,94
18139,68
5022,72
8213,93
6390,100
977,69
7534,100
3449,88
7927,75
16709,68
5410,93
5385,100
2731,21
1346,68
4402,86
2508,70
3884,86
13498,100
1126,64
22214,100
1063,100
6117,76
3972,86
17723,91
4314,80
13455,70
4142,93
8277,100
25287,60
3458,82
1055,93
1053,76
1062,100
7689,51
1145,82
16739,67
16723,80
7878,100
5363,83
3239,50
7850,90
7936,100
3691,73
14759,47
2888,92
7690,90
8479,49
6721,100
13191,60
1212,74
6280,57
8358,56
11395,66
4851,100
5065,91
7815,92
20391,66
22574,60
11283,67
825,70
6373,100
6358,100
6410,100
6411,100
6407,100
6413,56
805,48
10849,86
1906,71
1900,47
17894,68
1856,62
3786,89
5776,85
15708,62
3146,100
467,77
7730,66
5636,60
9825,60
8482,55
7368,72
1438,86
369,66
8281,84
8287,89
4433,90
8306,61
5159,100
13531,63
16952,70
22618,56
1032,57
2440,56
4910,100
10668,66
19945,88
643,65
6216,87
3949,81
16406,82
6605,94
8113,64
3586,100
3568,100
3599,100
3564,100
3601,100
8319,100
3612,100
3614,94
3615,87
5633,93
40453,67
13395,79
981,61
20058,80
3938,10
744,69
914,75
1493,83
6427,93
11581,97
5964,100
4471,100
10861,72
8104,78
6354,100
6374,66
2622,87
6594,82
6423,88
5167,100
4051,70
812,66
2506,62
22142,100
10821,46
8260,100
8257,100
40081,81
3785,88
14492,43
5857,98
14878,66
4918,76
6031,87
5212,95
826,65
11578,71
4844,83
4462,50
3544,79
7804,66
1020,69
5205,98
22207,93
22048,100
3104,100
7220,100
4130,90
6443,83
3236,66
4942,100
2237,82
485,100
9667,63
20145,91
7440,100
7610,89
7784,100
7037,100
5329,97
7086,97
4932,100
4927,91
4935,100
11676,100
8124,87
2877,74
6315,85
22112,100
5512,100
8184,93
7479,67
5381,100
1475,68
4089,100
784,88
22584,88
4913,82
4017,50
4510,100
3832,100
683,83
563,100
2986,78
7655,87
15845,68
6025,96
22614,57
40364,63
3451,100
22654,64
22677,63
445,84
16518,66
8301,94
3630,100
696,85
697,45
686,68
22479,61
1157,85
4472,100
7732,100
4026,85
185,100
186,100
6036,93
7987,51
8268,69
8188,80
6276,100
6345,66
16607,61
4097,100
40369,63
3243,22
8278,80
554,75
6515,100
6529,100
5386,100
8133,88
1158,70
7309,63
4302,75
4303,100
3361,80
16647,51
40028,66
11590,80
1131,81
4297,93
2809,80
8410,68
5987,100
759,56
11030,22
3082,98
18250,64
5778,93
22578,57
11230,17
5490,100
775,86
6237,76
6220,93
4419,100
13570,68
8328,100
5849,73
5837,100
19931,85
6855,50
3997,90
2854,72
6322,71
5230,75
3569,69
4068,100
15747,63
2846,74
5059,100
3604,100
79,69
11404,100
789,87
780,66
5376,100
3937,94
6722,100
2096,57
3930,90
3924,100
3920,100
7422,100
676,68
678,80
18252,66
6327,100
2496,82
3123,83
13505,61
3367,82
5797,90
4403,22
6054,78
6063,57
8019,67
86,75
4551,65
16849,62
25467,69
7257,53
886,62
2307,75
8399,87
40390,70
5380,79
3962,100
3440,88
5759,98
5800,100
7881,86
8102,80
7990,60
8267,100
4421,100
6175,89
6611,100
6633,74
7457,100
22747,61
3694,100
8393,94
940,100
931,100
7894,66
6884,100
2861,75
2856,69
6178,91
8355,80
3880,100
26246,66
5479,95
6807,89
3377,100
10979,24
5927,75
1144,72
3288,75
5644,100
11501,84
7968,100
6688,77
20144,91
3318,76
3631,84
3626,83
2498,81
2377,14
4476,100
3187,100
8183,80
11113,100
3119,90
752,100
2274,52
641,84
4365,77
3240,100
5391,100
11191,10
6996,98
7000,91
6992,84
16725,63
8144,47
2624,68
3124,81
1133,68
40325,72
22656,85
20504,93
8120,100
13592,13
3624,90
7078,95
20206,73
6866,77
22294,68
2575,85
7726,68
4359,88
5258,100
1034,60
40121,77
22134,89
5170,100
8275,92
2687,100
6710,95
6805,100
4361,100
4372,94
2417,65
4216,87
18227,70
11200,92
1171,61
15818,62
5143,88
22447,77
18207,63
14329,0
2727,100
19918,76
8370,96
18160,66
13365,50
16675,68
7380,68
7786,66
7782,63
887,100
868,100
6658,77
18031,64
40093,71
5437,61
1030,62
6325,100
6323,88
4064,100
11575,59
6679,96
2907,93
3964,100
3196,100
2568,76
5163,100
2702,70
8180,91
7824,59
31098,61
22353,100
7763,85
5977,100
5276,92
6527,100
5294,72
2643,100
2768,87
508,100
5834,95
818,57
6591,36
446,65
2548,100
20634,74
598,87
6282,89
42,48
41,66
3278,100
823,85
564,87
5844,100
92,52
2350,64
7686,100
7101,100
2541,91
3580,89
3225,88
6804,100
16646,61
484,79
2322,80
6283,84
7901,87
3952,75
5846,93
5838,82
5852,83
4295,85
785,50
797,100
790,100
786,100
777,88
4067,90
3125,100
3829,84
1876,100
4054,100
4058,100
3047,88
8318,78
8324,60
6715,83
7758,64
24210,84
6621,83
6602,96
5462,96
214,69
22240,60
924,89
760,81
1181,59
11206,100
1182,100
22100,83
10825,75
496,100
1045,50
7253,73
550,100
17846,63
8197,100
8200,90
8340,75
8342,86
8341,100
3405,93
498,100
14950,57
89,100
8312,85
4100,100
4074,100
12065,60
2850,81
5331,100
3588,87
20279,73
468,89
20386,71
3265,80
32059,80
3447,100
5360,82
2576,78
502,56
2544,74
22526,75
24937,60
7879,100
6508,98
6599,100
608,75
3959,100
1143,66
1130,100
17711,53
4459,100
5830,43
3158,100
4854,100
252,57
3625,86
6882,70
6893,100
6865,67
17655,100
6444,92
7729,82
8326,61
1101,100
4901,100
7076,100
8293,100
7787,100
7306,71
3904,100
8315,100
6600,100
22310,82
3221,100
4305,87
5876,98
1084,100
7938,100
5357,100
5176,80
830,100
16910,88
8407,55
7308,100
1129,100
16454,0
20512,85
6817,100
8234,80
2642,89
7695,76
7256,100
7093,100
4397,89
1065,81
1061,75
6512,56
11407,80
1109,100
6622,87
4941,100
8179,60
7799,100
776,100
6222,92
8362,92
951,100
7596,100
7590,100
8131,100
8141,100
864,83
75,100
13465,79
724,100
745,100
3129,100
4466,61
20506,80
5379,100
6815,76
3947,64
7823,69
4417,92
727,75
8132,50
7677,57
3582,100
7040,100
6391,89
7694,92
1102,100
7761,54
3596,100
6628,94
6506,75
6523,100
6728,100
3854,100
8320,87
5523,100
5520,100
5516,100
439,61
6624,97
674,83
2661,100
2678,92
2673,90
7765,72
12664,50
6526,87
6616,100
3223,100
8080,100
6719,75
2634,75
8314,91
7569,50
816,64
13380,81
8155,100
8150,100
8258,100
5310,94
6279,74
12064,100
22070,80
8344,100
4299,77
6157,61
3077,100
3088,87
7574,100
3272,100
948,100
14747,61
10887,75
2646,90
22209,76
2271,57
5554,100
6042,75
4395,100
165,83
8419,57
1083,75
10869,73
986,100
13379,61
447,100
11593,100
824,78
6290,100
5365,100
8265,86
809,88
7469,80
7847,69
11156,50
5480,100
16679,72
817,94
787,100
792,85
3208,51
11497,59
11540,93
5337,89
7538,85
3198,100
91,100
93,74
94,100
95,100
8296,66
497,100
3384,66
8116,75
8134,100
7769,81
31099,52
7945,100
4933,100
5995,94
6877,100
6446,97
11334,100
7453,75
4317,89
3444,100
5981,59
5175,100
749,63
81,66
5449,95
762,100
500,100
7513,100
7861,82
13116,46
2437,77
7755,55
504,100
911,100
5081,100
8354,90
7545,100
5784,93
2095,65
13336,75
1094,87
6803,100
5036,100
7438,83
5332,100
7670,62
6510,100
7770,100
3851,100
4479,50
3579,100
5070,88
3965,100
7314,100
6739,97
746,100
8071,100
3917,50
6612,91
5415,100
5487,77
836,82
3629,77
8397,97
843,100
1104,100
4889,87
4886,100
4875,100
7891,100
6245,64
3274,100
7767,100
7939,51
6244,85
7214,92
8143,100
26472,63
87,100
807,100
7018,100
978,77
957,83
8308,100
939,100
495,79
82,50
3583,100
3594,100
7057,100
7837,90
806,86
2592,100
862,100
1093,97
7297,75
503,100
7944,100
8136,100
810,100
5169,100
6798,66
3282,80
7839,100
6044,100
5340,100
7079,100
6595,94
5068,100
5078,100
3277,100
17640,100
7930,90
5174,100
7762,75
6425,62
13569,65
7812,64
5064,100
5066,85
506,100
8327,100
8373,62
17710,100
1042,52
8122,100
5040,92
8127,65
2928,82
3566,100
5973,90
5162,100
5165,100
7855,60
5557,100
4478,100
22548,100
7573,100
7557,57
5364,100
4091,100
7420,100
2728,66
7904,66
6951,100
5362,100
4467,100
7757,100
5980,75
2723,100
728,100
7754,100
3289,100
5546,100
6015,100
275,100
7864,100
179,100
7661,73
11231,21
5351,29
8075,100
5561,100
3417,100
5275,50
3284,100
7680,100
1153,79
7852,100